income,debts,payment_history,credit_utilization,age,loan_amount,default,debt_to_income_ratio,loan_to_income_ratio,employment_status_self-employed,employment_status_unemployed
57450.71229516849,14630.887737658206,0,0.8059925497751581,61,6809.876445807613,0,0.2546640849012366,0.11853217552195225,0,1
47926.03548243223,19547.083202350652,1,0.5502265421562618,59,20939.934241330237,1,0.4078508717593368,0.43691277857162314,1,0
59715.32807151039,3007.162130904294,0,0.043412532854819164,42,19469.625024161396,1,0.05035745210762478,0.3260352009729482,1,0
72845.44784612038,12814.846183452853,1,0.6331513755940223,37,13342.619779251583,0,0.1759158690966335,0.18316088393817512,0,1
46487.69937914996,6746.787154390866,0,0.951403342206657,54,13159.148373535254,0,0.14512746634113793,0.2830612288421451,0,1
46487.945645762295,7564.37308117652,0,0.6016118201463312,26,2150.0210817128554,1,0.1627133714499729,0.04624800695837766,1,0
73688.19223261088,7038.0303788056535,0,0.8191888594267902,26,17310.455005688353,0,0.09550966926858237,0.23491172153231552,0,1
61511.52093729363,5680.04615160092,0,0.8842064633484078,54,19339.484326770635,0,0.09233967434680829,0.3143991504832888,1,0
42957.88421097572,10242.608139724134,1,0.22807977194893247,21,7376.439186965368,0,0.23842816981515583,0.17170928254884088,1,0
58138.40065378947,5845.249417944811,0,0.21204483990822665,30,13909.24967969628,1,0.10053852210744839,0.23923964683646406,0,1
43048.734607813065,11352.284128899195,1,0.6109809888509917,41,15265.033405062652,1,0.2637016054180013,0.3545906506539116,0,0
43014.05369644615,9748.809452754314,0,0.4110284698067047,25,19092.008395646975,1,0.22663715641391258,0.44384481140899595,0,1
53629.43407349051,8805.259765667952,0,0.8398613028667203,22,15026.621532862311,1,0.16418401077272626,0.28018832576053976,0,0
21300.79633013303,5462.181689792011,0,0.9000231233980112,42,3615.7645222689116,1,0.25641882990240283,0.169739887952742,1,0
24126.23251230451,7116.143347158337,1,0.3534213793027181,22,11290.435613762575,1,0.29494237863912554,0.46795402696950966,1,0
41565.68706138541,13776.95612912878,0,0.23687055897448206,30,16572.380497723138,0,0.33144224625799645,0.3986938019200124,0,0
34807.53319498364,12504.585938121903,1,0.7805255152438618,54,20890.69839427831,1,0.3592390942782954,0.6001602617742288,1,0
54713.709988929106,5112.223776007245,1,0.2748060355481361,36,10676.543734240273,1,0.09343417477752591,0.19513113998777568,0,0
36379.638867181835,10496.661527146129,1,0.8226143185136784,59,30313.549121850134,0,0.2885232874955072,0.8332330070540711,0,0
28815.44447997063,13756.935616858946,1,0.42373825364876283,42,1738.6885181412472,1,0.47739878618338716,0.060336677529726226,1,0
71984.7315338233,1652.973594393141,1,0.6675498992914705,32,11054.098774594693,1,0.022962517142948984,0.1535595810317049,0,0
46613.355492701965,12716.800961899675,1,0.09553531383466818,44,14418.764775550588,0,0.27280868366592864,0.30932026460835693,0,1
51012.92307031886,6686.881205270767,1,0.623859324676573,60,13594.755855129952,0,0.13107953285720458,0.2664910878622411,0,1
28628.77720679815,12852.993342965798,1,0.4517676787372291,58,6375.003691296171,0,0.44893794492797695,0.22267039122408624,1,0
41834.25913212226,6183.704217287415,1,0.5866084631754741,30,18135.032234262555,1,0.1478108262161904,0.43348679105797583,1,0
51663.83884564799,975.5894966774049,0,0.16801420774486342,55,17597.658359197456,0,0.01888304538396105,0.340611889098727,0,0
32735.09633866546,1862.2878105841864,0,0.7368737449441821,52,15335.730121870827,1,0.05688790108992286,0.468465450590619,0,0
55635.47027518508,10240.42473330691,0,0.8627970775432285,27,17322.90704280961,1,0.18405956888811356,0.311358843527066,0,0
40990.419651217926,11298.61250860741,0,0.21673980009077565,41,12033.565119863784,1,0.2756335985614421,0.2935630242195392,0,0
45624.593753100846,5478.416874477957,0,0.09571455552016173,40,3678.4593492400254,1,0.12007332779325482,0.08062271735345969,0,1
40974.40081655905,13192.96229388687,1,0.023638586046336396,46,9983.520909634288,0,0.3219727453783761,0.24364669315448723,0,1
77784.17276763407,1692.3996886552013,1,0.641971500443266,24,16099.382069866087,0,0.021757355912943328,0.20697237657309597,1,0
49797.541628930994,9669.601006763418,1,0.6070940360887808,42,16139.210903924772,1,0.19417438122617148,0.32409003107329,0,0
34134.3360656615,3944.9190011877163,1,0.54669741271407,35,15289.653368100935,0,0.1155670181069673,0.44791278277414087,0,0
62338.173681547836,6740.819460989204,1,0.23194709611597542,60,18840.95787589522,1,0.10813135726539895,0.3022330384445258,1,0
31687.345250434668,10236.99335658207,1,0.39090599590551467,41,10931.977681849885,1,0.3230523170483839,0.34498417621538413,0,0
53132.95392507133,5697.933173580238,1,0.594476335186173,35,15186.767399773751,1,0.10723713845228561,0.28582038937267673,0,0
20604.948141803365,8077.222278850873,0,0.4967668588591694,42,19004.64944883445,0,0.3919849852705677,0.9222894922403326,0,0
30077.209266523543,15031.464046072204,0,0.9877855202148873,48,14405.771270483527,1,0.4997459759947188,0.47894378095563245,0,0
52952.91853803685,7115.540652384256,0,0.13643975255673313,34,6296.732501157308,1,0.1343723155685477,0.11890966098447199,0,0
61076.99869993116,14178.460560325708,0,0.6951445540475938,47,8269.581412411237,0,0.2321369537659997,0.13539378480684497,1,0
52570.524217849554,4351.465726711909,1,0.4043187681042921,61,20815.966269955567,0,0.08277229529583358,0.3959551597495426,0,0
48265.27576417639,12649.020889576414,1,0.42819961492561476,60,24747.305140598008,0,0.262067472356436,0.5127245628295534,1,0
45483.444566160666,17207.843103289502,1,0.7175977656581762,48,23226.98175476834,0,0.3783236943403663,0.5106576979517226,0,0
27822.17014448859,0.0,0,0.6924361513243696,46,16625.091648194244,1,0.0,0.5975268656252479,0,1
39202.33687407937,6015.5237226476165,1,0.9912559937021883,22,6578.07178588315,0,0.15344417598862578,0.16779367039626844,0,1
43090.41843560319,12885.3606359027,1,0.12839428945412523,45,14955.539102589919,1,0.2990238219973863,0.3470653704504952,0,1
65856.83339328374,8984.773069785037,1,0.10410964938416634,23,25935.78592365295,0,0.13642679400232613,0.3938147459053506,0,1
55154.27434352692,11855.729366856543,0,0.7243388171287412,28,19329.418663195327,0,0.2149518701151732,0.3504545828709824,1,0
23554.39766955899,6980.074066420897,1,0.5783869170064091,64,13547.657341212893,0,0.2963258852318743,0.5751402515577456,1,0
54861.25954092192,10432.9489373645,0,0.27416066655980587,53,19400.376629888517,0,0.19016622765204433,0.35361971585252916,0,0
44223.76579375525,9221.613823039603,0,0.0794193689889866,62,6114.233553690767,0,0.20851696232932315,0.13825361070773892,0,1
39846.169995410615,15838.910308299037,0,0.08565824959643054,55,10130.300355062585,0,0.39749147329969176,0.2542288537988856,1,0
59175.14433261302,11272.104216506066,0,0.8941908746641183,26,7410.660262843726,1,0.19048392462254102,0.1252305358252207,0,0
65464.99283743926,11688.01331037601,1,0.1918673247187429,59,18287.00272843903,0,0.17853564581841594,0.2793359106895099,0,0
63969.20178674298,7940.615169387664,0,0.32337156211552076,43,19998.724498040647,0,0.12412990654397554,0.31262562786202014,1,0
37411.73715166042,7561.968879637532,0,0.22665640222698802,45,13923.217809611433,0,0.20212284519530066,0.3721518089727232,0,1
45361.81436223178,7837.209060901896,1,0.3549963058319373,63,8889.492262823038,0,0.17276725818464667,0.19596430221102554,0,0
54968.95147105346,11972.260711891484,1,0.06942384274609337,39,14861.756345257609,1,0.21779645772829068,0.27036146017126533,0,1
64633.17690683539,7895.077595898685,0,0.5190597909082704,25,11593.940765283347,0,0.12215019937948247,0.17937786663540276,0,1
42812.38643232065,11448.874284482064,1,0.0676125635922149,31,9426.805067143789,0,0.26741342459747797,0.22018358865505,0,1
47215.115350042746,20377.003993227194,0,0.8003565078223616,32,17372.955797164723,0,0.4315688370836875,0.367945470913227,0,0
33404.97538990958,14355.623517158463,0,0.23371208191043302,30,9694.054442369285,0,0.4297322065768701,0.2901892349863077,0,1
32056.90063878994,8369.882339160795,0,0.5400119146045106,28,4035.5518692513524,1,0.2610864146554023,0.1258832234437819,0,0
62187.88733591297,16006.069610819724,0,0.8800790875614583,44,5591.198707457692,0,0.25737829211130625,0.08990671721230288,0,1
70343.60042856235,7959.623134892243,1,0.6508773690471942,48,3777.1767322883534,1,0.11315187073918412,0.05369533282265526,0,0
48919.848176294996,0.0,0,0.5329577865513353,61,16732.58341603343,0,0.0,0.3420337962198567,0,1
65052.99346838036,4959.56844541298,1,0.3243337531153756,56,16052.838067233148,1,0.0762377247112983,0.24676176221273283,1,0
55424.54037571451,646.0403948707208,1,0.33300191305819793,57,15703.640661557134,1,0.011656005345033903,0.28332859824381446,0,1
40323.203680923136,8242.432579793456,1,0.6694869551981901,41,19114.121567359598,0,0.20440410045078822,0.47401113531231975,0,1
55420.934082626205,10092.091895947759,1,0.9941393612211675,28,23343.711992819815,0,0.1820956280757342,0.4211998801416361,0,0
73070.54849698953,18382.186561376413,0,0.6618391898493786,29,10854.134284224194,1,0.25156421260367484,0.14854118336730435,0,0
49462.60941335073,11634.636868820813,1,0.5577834173700249,35,17845.342340668925,1,0.23521609132067314,0.36077719665666547,0,1
73469.6548372101,8904.497355955678,0,0.7306505102392461,60,3942.691448158863,0,0.12119801267166451,0.05366348587602406,1,0
20000.0,14147.027905917446,1,0.46520561228371815,38,24650.968223843454,1,0.7073160294943976,1.23248678685283,1,0
62328.53756562836,0.0,1,0.060142342600785215,62,6286.181332472901,1,0.0,0.10085397033234877,0,0
51305.706023572566,11178.07279054283,0,0.5622968158779098,40,10029.432166716937,1,0.217867675726583,0.19547994685351605,1,0
45514.88974301199,13854.325969434834,0,0.9576252845053802,26,10816.033403868354,0,0.30438438197425055,0.23763203278980016,0,1
51376.41164803253,2607.068771100792,0,0.17530294235765964,32,4316.103022944515,1,0.05074348215439203,0.08400779417446183,0,0
20186.46628098661,15718.770216034645,1,0.6900048908206657,22,15228.029041859932,1,0.778640072867353,0.7543308719332609,0,1
46704.92168243732,11692.482037472071,1,0.20093368865905648,27,16497.327077410373,1,0.25034260359899413,0.3532170329402537,0,0
55356.6885726762,7923.560430495994,0,0.5358276844730813,36,13674.104303129152,0,0.14313387416986476,0.24701364265195322,0,0
72168.41067112274,13163.909330531424,0,0.09667644964671962,23,4218.266575782463,0,0.18240289352672684,0.058449508407449495,0,0
42225.94672589529,21353.46428902198,0,0.45037093625818514,23,28883.70364396198,1,0.5056833596715428,0.6840111796728442,0,0
37872.595956602185,10909.331275292476,0,0.7561633288952461,47,18844.615575511536,0,0.28804582717186494,0.49756605095288065,1,0
42473.64434623195,11241.10293150168,1,0.3475715242389821,63,33439.55430554971,1,0.26465443335722505,0.7872827382135863,0,1
63731.03176553111,7703.1955022987795,0,0.664911724487218,60,9364.235320795953,0,0.12086850660337778,0.14693137911006496,0,1
54931.266644895266,5750.778152676041,0,0.7954499607897292,58,21705.175597238835,0,0.10468852832619184,0.3951261603230394,0,1
42053.59694349442,14151.679082721228,0,0.9271778194794527,53,20454.917211759144,1,0.33650730505718,0.48638956733416966,0,0
57699.01149670034,5719.580870455664,0,0.23464208185545354,48,12965.974278318465,0,0.09912616517906148,0.22471354757112905,1,0
51456.16324022061,10357.831186096962,1,0.39931591580930814,21,24877.356307414568,0,0.20129036530332753,0.48345759347980555,0,1
64529.674857993334,7611.712766174416,0,0.15241601333041743,28,12162.12994670355,0,0.11795495371658217,0.1884705215537823,1,0
39469.203591839716,12394.899128731959,1,0.9924835021583752,57,12473.76006402775,1,0.3140318012267499,0.31602978776138474,0,0
45085.067801033474,11668.310526434741,0,0.9270009679242953,52,1000.0,0,0.25880080245470594,0.022179800740508973,0,1
44118.377703017635,15187.699721289497,0,0.5399571302805596,63,17863.196376198463,0,0.3442410231513919,0.40488323512724145,1,0
28047.275778018222,7449.918005726265,1,0.8420332943764213,57,5721.430618223154,1,0.26561055177462484,0.20398510994059427,0,0
54441.80415596864,8650.625323533144,0,0.5209579772720422,24,11144.951630131422,0,0.15889382366769153,0.20470936063842674,1,0
53915.82908269834,5106.181421088463,1,0.6235856880027597,50,7816.462528784808,0,0.09470477971277827,0.14497259319155834,0,1
50076.70184963691,7778.533699619442,1,0.08912443211601662,26,12436.379224772169,0,0.15532928653505773,0.24834165238080586,0,1
46481.1929993728,11886.502465224261,0,0.7552704204968079,39,18107.16161152205,0,0.25572163657133495,0.38955050188286894,0,0
28769.438869243786,13784.943083226759,1,0.12771348363523483,52,15077.990941341302,0,0.4791356553814394,0.5240792818582964,0,0
43690.320158519615,5389.173379111873,1,0.8260676302525284,29,19967.48903354065,1,0.12334654479560303,0.4570127192562543,0,0
44859.282252098456,14348.029600528302,1,0.7820280876703859,32,23859.40674909942,1,0.3198381481395413,0.5318603796342216,1,0
37965.84096167571,16778.189294024756,1,0.7087446977429764,31,12418.428443255152,0,0.44191691668424316,0.3270861659465031,1,0
47580.71432500986,12067.174516118504,1,0.036160380524762115,36,11650.029305887205,0,0.253609494472875,0.24484257179787502,1,0
56060.762852218075,19383.979062790328,1,0.3031283559453286,21,21704.09357563407,0,0.3457611405101116,0.387146112990547,0,0
78292.78851815795,6131.0540044821355,1,0.26311256991084286,41,22259.331021179507,1,0.07830830670635151,0.2843051976724451,0,1
52618.66719247759,3776.726483442915,1,0.3601364074715191,50,20184.13607672133,1,0.07177404732774192,0.38358539978768275,0,1
53863.25586084147,1106.3987554786072,0,0.08764274676383854,33,8334.748352824554,0,0.020540500147945846,0.15473616444934116,1,0
48883.311263507494,17480.221557445915,0,0.9369578230310628,54,17958.585458511225,0,0.3575834681032937,0.36736910052197963,1,0
21218.431770514377,13271.82828177029,1,0.5538022407123763,24,15766.294228331024,1,0.6254563470550734,0.7430120843405053,0,1
49602.291868261746,9722.076645447725,0,0.30552431065802355,48,22367.702589447643,0,0.19599660182368492,0.450931818171516,0,1
50903.4531491154,11399.843131599102,1,0.3969815170742834,58,10989.895373235759,1,0.22394589129963388,0.2158926124015682,1,0
86948.6316872793,4372.5547635081175,1,0.44720254050483565,51,3333.727961950588,1,0.050288364408883644,0.03834090952726038,1,0
47114.58552828316,22228.759898084132,0,0.6005943333606173,47,19831.657602661908,0,0.47179207578223475,0.42091501952696947,0,1
54523.210135004185,10646.105909876138,1,0.5156794276964978,25,1000.0,1,0.19525465629884306,0.01834047659789952,0,0
49479.32345442135,10546.973973024464,1,0.9193919732144173,45,9879.406172725689,0,0.2131549116234007,0.19966333045146872,1,0
32469.82943570702,13628.83311949346,1,0.49696348290583026,23,7837.631420771939,0,0.41972543838089693,0.2413745369914442,0,1
67142.34221772531,12405.046158683566,1,0.9921580148233127,53,7790.457303659772,0,0.18475467185499642,0.11602724926021263,0,1
61278.99549030161,11119.420121395657,0,0.8514249577450957,24,9756.77970331433,0,0.1814526915746176,0.1592163906875364,0,1
61865.47920564571,6047.627722773441,1,0.2085105143573358,45,23521.61498826141,0,0.09775289947680676,0.38019967016508216,0,1
36359.18817807891,12357.341785679979,1,0.9305952146439163,40,20743.88793304461,0,0.33985912628279685,0.5705110169245723,0,0
71041.91466404148,19410.12248237517,1,0.11636639788547609,54,13237.885226052464,1,0.27321686580800775,0.1863364599925803,0,1
28972.234058115788,16727.10023077489,0,0.8174497084911916,46,22935.364303013346,1,0.5773294136658316,0.7916052539046412,1,0
58802.85640700405,17965.933133196984,1,0.3806232934765801,25,7563.9199138353815,1,0.3055230427210057,0.1286296575769213,0,0
82856.83438714968,7443.921617844075,0,0.8779743204450695,55,6612.016299769892,1,0.08983968351215493,0.07979953071034332,0,1
35141.955123039676,5051.975898707095,0,0.8680566901074503,48,21045.176614726133,0,0.14375501095509827,0.5988448194252436,0,0
41505.53405595842,9371.06539950176,1,0.8059254001176211,49,19057.50260525853,1,0.22577325745550916,0.45914463924078847,1,0
51494.77047631462,10278.624561443474,1,0.7900304363070614,29,11778.156188916739,1,0.19960133553436407,0.22872084600295628,0,1
42447.86518825701,15470.957592354742,0,0.3046791390980408,58,7051.773744113087,1,0.3644610409192895,0.16612396380537114,1,0
26740.04853400801,1537.6768514259038,1,0.08091928305125218,26,25218.12312526558,0,0.05750248908416432,0.9430491513148543,0,1
51028.44462209041,17647.751597303068,0,0.40298017876516146,39,2959.2821433652716,1,0.3458346789387443,0.05799165884090795,0,1
34065.44429410843,9209.960507105054,0,0.17352451498650867,64,10811.018452595077,0,0.270352855953853,0.3173509497868192,0,1
57103.88645952773,7865.594650262899,1,0.6949510889024617,31,16600.035692625283,1,0.13773943243609332,0.29069378685115366,0,1
36208.63648649295,4939.478123699162,1,0.34609972653778553,22,27615.15365902012,0,0.1364133585141542,0.7626465311056416,0,1
73249.01607526309,1725.716640671153,0,0.9756102008599149,64,17681.70148451254,0,0.023559266374740585,0.24138836319632895,0,0
38251.20061495644,14115.852919809573,0,0.640972077345332,64,18362.13257109309,1,0.36902067574879177,0.480028136313642,0,1
45169.07725691487,10366.589835942019,0,0.822480563634361,29,11014.31409896311,0,0.229501264232508,0.24384094001692197,0,1
62202.758260545044,3550.195501294731,0,0.13252467274184843,41,18979.361576922187,0,0.057073649576356376,0.305115994718932,0,0
31537.03525349067,3524.6061396819196,1,0.8620144822726226,44,15737.165246153609,1,0.11175731498022888,0.4989900328179701,0,0
53411.899019061944,8321.076503549359,1,0.9227571905133943,54,3880.7482170770927,1,0.1557877714253956,0.07265563727765713,0,0
69607.14131423642,18345.107626446967,1,0.4870619188189359,42,20550.54397445175,1,0.2635483045529185,0.29523190228107277,0,0
25887.75148158159,8702.043243181975,1,0.6062529377509774,23,21792.753728927957,0,0.3361322097503619,0.8417846547923445,0,0
52769.507877984564,2484.285234409469,1,0.7648098009029954,32,20623.55534174814,0,0.04707715226379114,0.3908159343365373,0,0
53898.24191372635,8771.284679570279,0,0.17483862726041255,48,15233.295479660614,0,0.16273484316551257,0.2826254125066126,0,1
61727.34307665966,8636.382151261647,1,0.5025660764634424,50,8306.761817952469,1,0.13990950867636656,0.1345696547797566,0,1
31445.73933682877,0.0,1,0.3986630277723131,46,1000.0,0,0.0,0.031799799314291784,1,0
30193.150803735854,9728.525667410939,1,0.1463739921622491,41,16099.375237810154,0,0.32219901565197356,0.5331951655953913,0,1
57829.12348425346,8845.32734895661,1,0.36753442229153144,48,22573.594418185945,0,0.15295363066905954,0.39034318203267365,0,1
54454.77009849779,13481.031824067091,1,0.06817230938549357,46,21968.727283581567,0,0.2475592907727326,0.4034233148084264,0,0
53757.39275518815,19244.780474726726,0,0.025811906949486985,53,20712.509903756934,0,0.3579865298868973,0.3852888608124914,0,0
55196.72314245463,15632.825147738786,0,0.13516628915482276,41,14480.523150154264,0,0.2832150360150453,0.2623391387500321,0,1
39799.62917632264,8655.556547225848,0,0.9631151115891738,55,22612.24921822048,0,0.21747285724756912,0.5681379839008296,1,0
53483.80545741505,4467.370456291648,1,0.549529535895017,54,21469.13276699132,1,0.08352597374311471,0.4014062046852761,0,0
54396.08709948022,22866.7990162493,0,0.96582216115322,61,12041.565074949092,1,0.4203680791662795,0.22136415232910797,0,1
39284.72872960448,10296.092170072441,0,0.432497878330132,38,19736.18611631093,1,0.2620822497894415,0.5023754618923071,0,1
77986.61766717135,10069.64645956473,1,0.3118161330852596,31,11248.28598213496,0,0.12911852882260202,0.14423169111459974,1,0
57107.49381367681,9879.374564449983,1,0.5061418628402441,43,18780.169621318455,0,0.17299308569899613,0.32885072547335903,1,0
32130.44754196027,10990.423803839274,1,0.4395116886329101,42,5906.18348989253,1,0.3420457104986305,0.18381317810782347,0,0
59848.30412950744,9278.197940380287,0,0.10566468426174391,37,6444.51733928955,0,0.15502599529483696,0.10767906883836627,1,0
35379.77494659018,7131.689965598818,0,0.6408263146902062,25,22407.449328607352,1,0.20156963708015488,0.6333227398900393,0,1
61806.26905613678,7265.705293798039,1,0.2160381825095996,64,21562.920855433353,0,0.11755421983131019,0.34887354165169016,0,1
67378.93368511106,9836.233648920008,1,0.6195879548978296,31,19435.28078403082,0,0.14598164632942523,0.2884431569027417,1,0
37689.76522472434,7282.876144331175,0,0.6502010923981534,50,15615.781747369812,1,0.19322707036878528,0.4143132052178711,1,0
64450.64193866483,6435.771086614179,0,0.1520248531286481,35,1000.0,1,0.09985426116434329,0.015515508525781957,1,0
56191.71390404747,10532.151138459485,1,0.06134962711066816,47,14475.868432554573,1,0.18742912393310962,0.2576111283265836,1,0
62330.90239991735,8725.113912895724,1,0.7807615860684398,55,18179.282170328865,1,0.13997830287476182,0.29165293325545877,0,0
78451.89473980921,17519.964942913444,0,0.4598004237693202,53,11256.86726708286,1,0.22331827271662572,0.14348568404539455,1,0
46319.17825995694,0.0,1,0.05816379550547579,40,10012.540650342336,0,0.0,0.21615937214555192,0,0
38693.95753463766,15457.534259612308,0,0.9948663171697671,36,25110.942717075843,0,0.3994715395610797,0.648946124171292,0,1
36657.28355561715,16230.425962488145,0,0.05778056099636664,54,14577.977060258718,0,0.4427492066796771,0.397672112447418,1,0
37762.845725518426,0.0,0,0.6950352288585532,22,18183.566187496664,1,0.0,0.48150726808020394,0,0
48843.47435878844,8286.562029598255,0,0.9836789252634136,55,20418.920231335556,1,0.16965198496618236,0.41803951213289375,1,0
55117.279622249654,8142.7956700210425,1,0.23918010421592562,60,7989.9404644644555,1,0.1477331245791284,0.14495990294368963,0,1
54150.36198995029,2962.441526410894,1,0.14224936868719618,48,16352.451958999356,1,0.05470668543776757,0.3019767436696077,0,1
62407.74873554036,6110.916562045623,0,0.1213849394224289,59,24237.5114613411,1,0.09791762670873091,0.3883672073613998,0,1
50195.02837816861,4447.120772670856,0,0.30327514756759555,26,27734.56228309805,1,0.0885950724859541,0.5525250339359605,1,0
71803.01115735975,18761.352217118114,0,0.10104581101064669,29,15279.554780502833,0,0.2612855732530357,0.21279528168722245,1,0
46030.147501430656,14678.391965737304,0,0.6921613416941319,40,13334.395168570478,0,0.3188795579184963,0.28968200647520337,0,0
90802.53749884429,16357.775474970793,0,0.06229179813006269,21,16883.16847696273,0,0.1801446939793396,0.18593073510134572,0,1
59385.01021647509,13608.360320216176,1,0.5094221281497897,28,16705.459329192647,0,0.22915094431517968,0.2813029410175488,1,0
37142.63665375576,4354.741143913854,1,0.9966968538529768,43,24707.306462918074,0,0.11724057028954181,0.6651827523845812,0,1
33936.612529083315,7377.398668601132,1,0.8139702695060188,23,8025.25817583053,1,0.21738119210003257,0.23647091170462187,0,1
57237.08622864778,12446.87280613959,1,0.6152194382310109,24,13040.888396837849,1,0.21745787859535223,0.2278358564390795,0,0
46648.05822011224,3889.3609555402727,0,0.30625362078661167,45,7180.010711864426,1,0.08337490838911335,0.15391544836737653,0,0
60710.007411381375,13564.99215086194,0,0.6238958362916385,58,7915.33579941696,1,0.22343546465873565,0.13037727649258357,0,0
57098.56436860317,8798.373009209325,0,0.5270414639116516,35,17636.01810597387,1,0.154088268562119,0.3088643197367585,0,0
48907.56631014691,8125.895962252012,0,0.4260833838903715,41,20669.004891459186,1,0.16614463631427603,0.42260500462004036,0,1
37298.094228973925,13554.799841017457,0,0.13071037674019947,55,10454.258143793784,0,0.36340828433544353,0.2802818234570672,0,0
27277.291629712032,12221.316557430198,1,0.8866042152404667,34,20404.663522827024,1,0.4480235318005952,0.7480183803226841,0,0
43302.275718994686,8195.1691709046,0,0.4497846488213225,56,22781.050599923776,1,0.18925055979794725,0.5260814620066034,0,0
62845.981914852084,15796.64901682124,1,0.19462251182076507,32,28542.94198903373,1,0.25135095649021383,0.4541656754131008,0,0
53211.40616195306,4594.683362000514,1,0.3677593508772896,37,15488.227941887342,1,0.08634609282685883,0.2910642284197523,0,1
31313.91831932018,13079.678034721319,1,0.41412975252892703,59,10521.648307891068,0,0.41768201025936025,0.3359947549791177,0,0
52597.71388776773,12965.506289841918,1,0.8275378955668743,29,7982.696478758737,0,0.2464985421032729,0.15176600127128165,0,1
55779.76069593255,8452.267803430048,0,0.733614380561402,55,7287.447614560745,1,0.15152657830366187,0.13064446457239037,1,0
36742.138456983004,11630.66511121059,1,0.7693048936413398,33,23748.46490982525,0,0.3165397840151075,0.6463374090275044,0,1
52305.87658918292,3744.432118073485,1,0.011031264428647214,35,4394.332599310446,0,0.07158584802304627,0.08401060980611479,0,1
50873.13077669,14620.135096034504,1,0.4161539981797615,38,23524.2393995584,1,0.28737857281943574,0.46240081236605546,0,0
32855.44553254065,9075.489317785055,0,0.4813441516353236,53,8920.912795234959,1,0.2762164065737663,0.2715118038681265,1,0
55366.81040522425,7386.384897404802,0,0.019192276823056686,26,10203.55661498416,1,0.13340576127799805,0.18428680022393298,1,0
58411.76789552352,15245.046129184448,0,0.2598132087450342,47,13939.111814930142,1,0.26098825100107537,0.2386312499325746,1,0
66245.76864762916,6478.281547286204,1,0.760289823122135,43,10074.418153034421,1,0.09779015157319751,0.15207410653674147,1,0
65807.03078052355,2957.693518182202,1,0.13710970572899905,47,21523.858284717026,0,0.044944264143785266,0.32707038988146103,0,1
29334.959480643633,2216.854132380481,0,0.5353101314525917,54,27693.40766387943,1,0.07556780727909033,0.944008928092228,1,0
35932.62440127316,13030.049756728198,1,0.2152018720172375,58,10397.974897128035,1,0.3626144029119014,0.2893661597008184,0,1
57725.529008129895,3597.853237518584,0,0.012120774643893273,34,11974.335125847612,1,0.06232581967663224,0.20743209979178223,0,1
57706.78926368313,18773.970909921823,0,0.24120145759954148,56,13856.754349012712,0,0.3253281948497155,0.24011930669700932,0,1
57725.715294590715,0.0,1,0.9758737549100538,28,18787.397344448465,1,0.0,0.3254541203076029,1,0
100000.0,18482.28184145019,1,0.8015371118829896,55,13925.610047309005,1,0.18482097020479984,0.13925470792601077,0,0
58563.35766039751,11055.087336013092,1,0.9595766443210334,39,24710.80187736817,1,0.18876818217864247,0.4219426775012364,0,0
67033.48460270898,9516.434440648038,1,0.48785404392636245,50,23026.36741593349,0,0.14196326707140017,0.34350032751654747,1,0
64310.02645239804,7275.404565955251,0,0.1097361986775035,34,6701.7635248342995,1,0.11312841618754733,0.10420862322567398,0,0
59770.868769586974,11995.680571760355,0,0.547959488973693,40,18646.7771590238,1,0.20069107455887306,0.3119657715723224,0,0
45270.96133039481,9811.826487875758,0,0.4543773345599609,45,25642.37466116652,1,0.21673075783638,0.5664074165912196,0,1
61384.53830739901,15516.509410082606,0,0.844357082739616,60,11536.533379631815,0,0.25277141551452925,0.18793568807461736,0,1
38407.621781936425,10571.138243310199,0,0.09808258078424459,44,12940.145897445103,1,0.27522826263664074,0.33690732177041705,1,0
46447.72089889987,10751.508807309388,1,0.4882411370217782,34,11303.741015029313,1,0.23147050336888902,0.24335957581335765,1,0
42719.54678256345,8181.938938930721,0,0.15004866469398426,46,11450.47069133546,1,0.19152233656031317,0.26803193202594994,0,0
51228.112090794835,9715.271881394663,0,0.32467592689006,58,3320.8391366226642,0,0.1896435734465982,0.06482328115968602,0,1
84719.87850010264,11539.008844460295,0,0.7373570773877997,43,5701.795339744645,1,0.13620029736172196,0.06730094683493795,1,0
21991.02211112378,1449.1580367168717,1,0.47601812936876653,42,15542.31603116061,1,0.06589471533788034,0.706725191190998,1,0
60293.9028556177,3259.072889471435,1,0.37588828514576933,39,25595.18582256945,1,0.05405221229521868,0.4244999927085003,1,0
25809.261932155227,13716.320470113575,1,0.3944762785700353,23,10706.47431237202,0,0.5314289528005663,0.41481463227746485,1,0
42921.0220131585,10854.32719063971,1,0.45944676840598664,62,10500.698879360094,0,0.2528848055506827,0.2446459506530452,1,0
66334.25895451049,9080.083318236604,0,0.7850165438370569,39,26910.647492945143,1,0.13688170456172163,0.40567637659180866,1,0
50964.200286431944,10092.169665326966,0,0.8920846889402344,29,7242.197767288092,0,0.19802079867453642,0.1421008399179415,0,0
33833.82833106041,11737.908526808355,1,0.9553346865039283,48,3371.297861055047,0,0.3469179276441885,0.0996398689559832,0,1
39270.444361100475,7301.201598453193,1,0.7869033862552951,40,9200.3919470375,0,0.18591629916431718,0.23427689245243957,0,1
60193.96623402014,6108.476372988436,0,0.31540689574801273,27,10360.508648439438,1,0.10147819253258646,0.1721158644422336,1,0
39044.50052424295,10979.226275488407,0,0.6881347060865421,34,2767.8284071345424,1,0.2811905630117744,0.07088725640528097,0,1
53246.878843729624,5108.1361119248395,1,0.4376031240553919,29,14103.708056077721,0,0.09593126003978587,0.2648689180177277,0,1
50683.5775985572,12041.26377857236,1,0.2546706220460512,39,21639.124449030747,0,0.23757253880942136,0.4269370580617551,0,1
40225.99478591274,1487.0819788107983,1,0.8408715794259226,34,5998.316583996217,0,0.03696726505981913,0.14911172499758277,1,0
82159.16133987988,15145.778186628218,1,0.038426348962324997,58,15613.047532675124,1,0.18434455263510516,0.19003185093669817,1,0
59508.78533477017,12362.987412065215,0,0.9017619921354235,56,17771.54972938741,1,0.20774713507228554,0.2986323951500445,0,1
20000.0,11280.148671569379,0,0.46147746462473416,60,14416.310073079949,0,0.5639792346167382,0.7207794646807634,0,1
52796.814721541414,14913.45491972757,0,0.6372014768082804,37,16299.848128187416,0,0.28246348827848183,0.3087220221926554,1,0
40073.20302847418,18327.372222312883,1,0.6593539222057827,50,16381.290838166477,0,0.45733591281380237,0.40877396430134805,0,0
62786.50002194336,15071.850325090652,1,0.8951177407065364,29,9310.904301570976,0,0.24004539629421862,0.14829232408229256,0,1
38112.188923509486,795.628843341774,0,0.6366696821672073,53,25490.07800408308,1,0.02087542044667387,0.6687994031472908,0,0
48278.95337799651,3602.1151663214923,0,0.6139335847600618,45,23734.29783853351,0,0.07460891973361243,0.49159736449435687,0,1
57574.80918470686,6875.907111521606,0,0.06665204056068996,34,23329.379780688174,1,0.11942354278449233,0.4051941277255182,0,0
62986.327912551824,10130.455251054169,0,0.5184080219452041,31,22095.730183807045,0,0.16083322767904587,0.3507964366179107,0,0
31995.553894163357,12588.295102345615,1,0.15016900081704165,55,3975.1437139688333,0,0.39342659037546873,0.1242366202034638,0,0
44982.481462385775,6371.280934232673,0,0.7374337687214856,61,21482.436644683763,0,0.1416360123117683,0.4775627840776823,1,0
42875.82033258566,10933.833822385392,0,0.5122219208126745,34,19589.209992846554,0,0.2550057055904368,0.45687179788280813,0,0
40200.06151139432,6223.085338233387,0,0.6802277792083533,50,4244.334695393516,0,0.1547990302810675,0.10557767720114879,0,0
76481.81360421646,6942.410985040258,0,0.041672900602384266,61,13495.627513949452,1,0.09077086286294163,0.17645307328502158,0,0
56074.725664414334,2966.694515758889,0,0.08479201604580322,24,16937.55414527702,0,0.052905147113264266,0.30204788158498314,0,1
31086.740684974324,5383.8337694454785,0,0.7163233880626823,24,26650.219686872446,0,0.1731818926309963,0.8572581699304166,0,0
63767.92920582164,3241.5769719183318,0,0.07208433599867337,48,20073.06700525981,0,0.05083317239741889,0.31477817261870045,0,1
81832.3429551895,5120.633735113336,1,0.0712567277652586,28,8948.039909051888,1,0.06257392830593889,0.10934467034973358,0,0
65486.97890826721,15268.208983039198,1,0.01210847523488745,22,26867.71920916374,1,0.23314521592468535,0.4102694823854452,0,0
27209.4505106898,5253.005555840285,1,0.9565013982994801,61,15306.458338997223,1,0.19305103213107802,0.5625213126472854,1,0
42736.48890700623,23161.910324186952,1,0.737508359459007,42,13209.112041678358,1,0.5419576796986281,0.3090755301608959,0,1
69003.66723779934,12466.589504404446,0,0.35325140850206416,61,12710.172623878314,0,0.18066298996041683,0.18419294132782865,0,0
39384.958015718286,10924.18061847437,1,0.2965355812876552,36,3635.113333838068,0,0.27736231816716783,0.09229465314484299,0,1
56657.291422193426,5708.211099093932,1,0.34970322974584955,49,14231.613473287003,0,0.10074802744330529,0.251183244606497,0,1
61619.510801440054,13501.549397044957,0,0.7746535311811819,50,18482.396801139606,1,0.21910804083645197,0.299939039140644,1,0
36096.04292632875,7121.81086881113,0,0.6613706110704144,32,12302.316707323489,0,0.19729624067395743,0.3408123134194554,1,0
49107.119659072996,10610.049073226808,1,0.18519556786746794,55,17943.167340732907,0,0.21605488352813654,0.365380867060297,1,0
20000.0,22800.42269134397,1,0.17410933533408435,31,8949.262503600734,1,1.1399641363603805,0.4474407531423796,1,0
34634.185379985654,9519.70050137675,0,0.09839564971339732,41,14013.504600056662,1,0.2748563461386241,0.40460313540445286,1,0
46211.4777291026,15746.36663142838,1,0.6603027197013381,41,17215.782286260423,1,0.3407384196911824,0.3725353656036209,1,0
31283.252270527257,6484.117874370563,0,0.7643726622217359,25,16327.626139443946,0,0.20726459492462346,0.5219119830083369,1,0
74486.16955897454,9825.05754751519,0,0.265046428325004,40,3761.7443719666753,0,0.13190268345122566,0.05050191052015138,1,0
28547.87933059051,18854.00317817755,0,0.020944961030912812,57,11926.9583439014,1,0.6604113233255791,0.4177732584802901,0,0
43399.332699545244,6865.164711061163,0,0.08217166747642735,23,26742.24051218824,0,0.15818230608018122,0.6161759334270829,0,1
51961.10865929137,19062.242789984644,1,0.9678600348450305,64,11552.877479686376,1,0.36684890744086684,0.22233273009448204,1,0
71619.09933599173,13538.759677277378,0,0.29544477747742026,53,15110.652808782876,1,0.1890357567610026,0.21098341036772644,1,0
28462.06773230841,7187.666120528662,0,0.7692231478381336,29,14392.70974615739,0,0.2525260519395788,0.5056626320647875,0,1
67447.45628232439,13162.038695277604,1,0.6246635688542638,29,25977.678312437558,1,0.19514217849826254,0.3851485970813137,0,0
50153.4959152938,14862.77224813365,0,0.3819396396528959,24,24032.57685536269,1,0.2963397792539968,0.4791709380541166,0,1
35277.37023428074,13109.049811085983,1,0.2056872621955551,55,20652.716998731667,1,0.3715888722758412,0.5854215164016559,0,1
56931.55211394906,2148.876400547718,1,0.12138641815940643,37,8187.303806392265,0,0.03774424860221963,0.14380707525644704,1,0
52985.895433602054,6364.314120875657,1,0.6150129680388666,54,17514.28134434456,1,0.12011109669278108,0.33053986652778566,0,1
40996.74684261808,8762.406822242476,0,0.774633780637788,44,18975.592201525924,1,0.2137289850556801,0.46284475764898303,0,1
51047.031274850284,9627.83285449977,1,0.6439042535411307,52,10109.76615082762,1,0.18860341161174402,0.198044192858195,1,0
44220.2960470736,13103.36048775339,1,0.5303021332491583,21,8906.380259066176,1,0.2963133525938465,0.20140477677509336,1,0
51702.76017876872,10888.505004666269,0,0.041951223431636264,28,26935.099030449208,1,0.21059406447458826,0.5209504867212665,1,0
59931.9601178157,3323.278206449494,1,0.9684887775943838,43,12894.376814481499,1,0.05544992604931614,0.21514667036525215,1,0
73790.25224218029,11900.989255029815,1,0.7987141916545746,60,26304.837732378037,1,0.1612791339544041,0.35647636993673026,0,1
31432.767517597265,13052.928726419115,1,0.29282203670096474,32,21979.656288461738,0,0.41525180585215626,0.6992370951448017,0,1
81995.500619844,12798.952239655198,1,0.9799703293588506,32,17855.13747662725,0,0.15609144467023414,0.21775487175249186,0,0
20718.68300716247,15403.90362777311,1,0.6018815896363221,35,18167.720054516394,1,0.7434430161141086,0.8768338805297405,0,0
47723.22357446625,14169.61077274452,0,0.5824226582072465,61,5197.0630776846265,0,0.2969060512977239,0.10889780259233377,0,1
58824.75809726865,12295.900396142184,1,0.7480731794295321,39,16447.423458840916,0,0.20902238736661682,0.27959560557885255,0,0
54214.87801602549,9649.171442706765,1,0.8117697880901376,46,24919.142890871386,1,0.1779768546744664,0.4596281348335928,0,1
40659.50720269109,1695.1953324200422,0,0.6564786073315027,49,19769.376522299262,0,0.041691445804390916,0.48620585138669487,0,0
46878.16624464087,12148.091095662929,0,0.12809574636620003,42,16080.356809450872,1,0.2591362447076727,0.3430171246121329,1,0
42604.985980117504,11038.438435815555,0,0.3382675059944984,60,26983.56037071921,1,0.25908186800246213,0.6333279174271744,0,0
41159.52864583683,11357.894185976867,1,0.9280836403260497,41,13704.714941374372,1,0.27594140696552155,0.3329576998219757,1,0
62744.03145531537,3616.2571208984527,0,0.22461561184385193,58,10663.110274848208,1,0.05763415902458848,0.16994350034619188,1,0
55355.23228947571,4594.7172979586885,1,0.3721670238375133,40,16076.8234125478,1,0.0830027100459334,0.29042481302695733,1,0
39606.35607109019,15265.764266664519,1,0.432076882944196,49,20365.27157678117,0,0.3854275008729289,0.514179021195661,1,0
63493.99813149876,9802.224230716725,0,0.4394049896944522,24,2975.441329342173,1,0.15437789619926004,0.04686103499333924,0,0
54609.49281314914,13407.503486863123,0,0.6129395824945255,27,16994.08050443292,0,0.24551149048841503,0.3111870929745772,0,1
62192.931782584405,10141.591880652306,1,0.9430758377447076,48,20672.41510875417,1,0.16306400946164595,0.33238636819135586,1,0
59444.432628854185,10148.780697478725,0,0.24069271183250496,48,13112.508622921974,1,0.17072431385674894,0.22058059035064204,0,0
37565.07483616892,14691.419029879988,1,0.12150137630091806,24,22748.753364118493,1,0.3910820891975377,0.6055664176608574,1,0
41597.284397045456,7419.77635891313,0,0.19747048985993731,42,19488.30663687749,0,0.17836736457910568,0.46848823020839914,0,0
61209.40407684893,10480.603884704917,0,0.8869249002092695,32,29989.68182957754,1,0.17122258940729496,0.4899441897479692,0,0
59155.55398150197,7688.623556474788,0,0.645810812655206,23,9745.779716931494,1,0.12997078157863948,0.16474556175092556,0,0
49686.47609053778,7827.518862838422,1,0.28590678923916013,42,20814.968953472628,1,0.15753504662976942,0.41891781573982023,0,1
51759.91074963173,8454.139382656804,0,0.8159469389686173,64,7878.732645418167,1,0.16333057630205924,0.15221394931645832,0,0
69164.97343682637,11110.668858168565,1,0.861369996363436,22,3692.4348410629173,0,0.1606377862709709,0.05338513516961414,0,0
41126.42916746255,7606.256891682613,1,0.846514338690278,44,1000.0,1,0.18494365064034218,0.02431467320576258,0,1
58206.460717550566,16278.780627867603,1,0.9189265336395545,54,18768.268156778486,0,0.27966828353601875,0.3224375007157721,0,1
46967.110213491585,5526.96348890248,1,0.2522410201733616,47,16289.735397608718,1,0.11767481092553858,0.3468254380166544,0,0
46734.78195159169,9065.641779193205,0,0.7550419287462783,61,11646.642598467723,0,0.19397646515432818,0.24920183448585842,0,1
66481.65277980786,7801.344708629125,1,0.46053949727414,21,2585.469662352709,0,0.11734406469109117,0.03888938774624181,1,0
62381.245234820446,17234.889421768665,1,0.8419985528900615,28,10167.293617029267,1,0.2762787609983059,0.16298377172474868,1,0
62202.644540009576,10982.773882557873,0,0.7284906771616132,43,15028.651053728194,1,0.1765615819422561,0.24160402762352162,0,1
69582.18210731493,15159.222697343175,1,0.7764474464997246,58,20552.185567551685,0,0.21785756612803084,0.2953613925826933,0,1
50315.05762449138,2572.1981348151403,0,0.6561618376810715,26,14884.24974826662,1,0.05112082019643607,0.2958151025930477,0,0
60229.294569424455,11335.251329346294,1,0.17742876946970687,42,16764.422398936946,1,0.1881985039319493,0.2783387084320737,0,1
45345.99865109816,14448.153978117185,0,0.5450269188969383,45,12367.07333318105,1,0.3186132358898089,0.27272087902297276,0,0
54862.49528732663,10411.41994637712,1,0.9846697395245082,38,27244.56941769008,0,0.1897695342203642,0.49658829199647303,1,0
48047.85418448473,15327.401875326756,0,0.9373880664971189,37,7872.252489702405,1,0.31899619950304803,0.16383850610623726,0,1
51454.93947489077,7413.557749498139,1,0.04317373579701167,32,10105.332479004106,1,0.14407584090687475,0.1963880668029637,0,0
58927.3553815537,17046.7372009279,1,0.16481481572943713,26,11553.49348204541,1,0.28927902519173354,0.19606000213713737,0,0
37726.689751497914,21494.49061809625,0,0.1317287734545619,46,18798.930785837067,0,0.5697271886954819,0.49827940458746717,1,0
81385.8091352819,8185.807197801705,0,0.7259799099852955,47,7727.981471491837,1,0.10057904081477358,0.09495373456214895,0,1
34909.73927750447,7772.487392996141,0,0.8177853298569451,28,15950.03013383599,0,0.22263886568579544,0.4568803314948347,1,0
31787.17080818402,17266.922385588507,0,0.2135113663106719,39,16154.371003985902,1,0.5431870392851624,0.5081881276360476,0,0
67371.66310250101,17897.860728653563,1,0.505852692951829,62,10139.49420486634,0,0.26565464246861803,0.15049864051596235,0,0
61874.94040944404,7385.699864233658,1,0.8407030280112,21,17309.856226697997,1,0.1193630321472478,0.2797510003428735,0,1
59361.79725578232,7899.065914520714,0,0.7328015447662506,49,7945.302708837981,1,0.13306424696405783,0.13384313199735642,0,0
59425.1826389642,8591.076955697465,1,0.5422372054918483,55,7180.481002767778,0,0.14456720210166282,0.12083025837940536,0,1
49816.29840729628,3277.747444828615,0,0.5903476904587729,60,15697.240295650085,0,0.06579536726440696,0.31509617738225354,1,0
36541.18442771253,5406.740267579009,0,0.50836054691628,34,3381.7109016535596,0,0.14795886869529054,0.09254265870019988,0,1
51137.068372905895,4979.296166239661,1,0.2975484513188206,55,1000.0,1,0.09736965678738474,0.01955490365236053,0,1
39842.574327318325,6161.012174479358,1,0.5650219928590161,40,18729.833105577603,1,0.15463000693326664,0.47008415840683476,0,0
64626.796001266266,9826.575563066093,1,0.6888853020500907,33,22342.78959813819,1,0.1520487494711031,0.3457148623434478,0,0
47794.13927746792,11171.073662682604,1,0.8733229158608077,58,11732.378169152296,1,0.23372823746428514,0.24547220379548712,0,1
37617.54204811233,17752.502464070385,1,0.6362913539792481,28,10323.505435315607,0,0.47190830631782,0.2744259844550151,0,0
45179.2123752051,5008.2297963060455,1,0.761121537043158,63,22038.74658182192,1,0.11085007203406955,0.4877964361654215,0,0
56193.97181413436,14921.61199238292,1,0.160071634954573,40,6981.23247400756,1,0.26553286727745595,0.1242323334033885,0,0
41544.13170794038,8930.055778872455,0,0.4615574744197899,53,5456.39162695189,1,0.21494830830361006,0.13133648643383716,0,1
37666.69406650353,9752.681451737835,0,0.009331619827093296,46,19953.454965959412,1,0.258913684350286,0.5297232936725818,0,0
53655.30817237868,13374.097460833018,0,0.24667886452162302,59,15063.26730558615,1,0.24925489502309378,0.2807361858962271,0,1
53674.49856663084,4386.389892188507,0,0.7264617151130048,41,22454.137175031665,1,0.08172052443524859,0.41833122699657654,0,0
42395.85236943305,11912.048730920253,0,0.9918099513493635,62,1000.0,1,0.2809654034484057,0.02358665665286445,1,0
42934.425415725156,10832.26104106528,1,0.0991780995872159,63,5195.282062170059,0,0.25229192295595493,0.12100222629370479,0,0
53480.74906036454,12462.256320040746,0,0.40149431586128825,61,15100.324418909095,1,0.2330188623033751,0.2823453735939983,0,0
28278.734877540137,11445.84321953909,0,0.8000709686991595,29,17923.715889386505,1,0.40473658148151237,0.6338007045328272,0,1
28888.043384351673,22276.50069955447,0,0.20403563462889884,44,20928.97961382621,1,0.7711055157894561,0.7244608045818094,0,1
39223.33668121346,6811.30007874342,0,0.5550849493022862,57,16223.724381661443,1,0.17364984739195602,0.41361373459329426,0,0
46798.292724322295,7345.0152249909115,0,0.7330712960296748,61,16152.586087509982,0,0.15694714166424992,0.34514594446243074,1,0
54663.61348397007,6884.297367876178,0,0.615985450260179,37,12274.18919878861,0,0.12593699889408236,0.22453628438053277,0,0
72130.34325424329,7222.614404198726,0,0.18802473461541613,44,26136.334334331623,0,0.1001314280082236,0.36234365194348567,0,0
62864.89434803029,6813.064363467412,1,0.3553845686857394,41,7278.835811706515,0,0.10837457152442273,0.11578354029945612,1,0
47600.922050548594,15945.082655537759,1,0.7837917844853972,59,17513.14106789157,0,0.3349672023454355,0.3679082758316844,0,1
49714.75688145967,17102.521239949274,0,0.5542265141320166,61,8085.338157883862,0,0.3440060518585258,0.16263129971373522,0,0
34962.05953043287,7146.268531252619,1,0.005229613542912737,59,18743.44982063507,1,0.2043948277762219,0.5360929527440305,0,1
49722.30296011415,5838.222134478857,1,0.7609907600280938,33,7740.877014285636,0,0.11741420595413828,0.15567905898156095,0,1
45670.120416197926,12357.077781932021,1,0.03531135494023907,31,20206.709889503207,0,0.2705665564873991,0.442439548348295,1,0
54840.778405071345,7238.884778595144,1,0.7457337827312321,39,15784.734627771619,1,0.13199580664812555,0.28782317216598446,1,0
37591.53584671515,13164.659088777553,0,0.2024805601652374,31,27212.47421281077,0,0.35019343048462864,0.7238797170739042,0,1
57790.197713617585,11014.615104256498,1,0.9580734801193802,33,13032.8624690989,1,0.19059330036451344,0.22551639323488032,0,0
72991.08369503866,2421.2794250138404,1,0.3679407513020845,21,17974.762813732817,1,0.033171808536525134,0.24625633224599366,0,1
48368.597773147136,17737.526006650307,1,0.3269316163380791,60,9542.406036775032,0,0.36670815601649415,0.19728107067436879,0,0
56025.67583148412,18979.388365477607,0,0.14888805033244468,64,12984.748954910938,1,0.338756281428572,0.23176011716215678,0,0
60352.159875666686,6936.0565475780695,0,0.3056042154902149,39,15740.24635611047,0,0.114924497107807,0.26080235713485245,1,0
43981.692921712456,8061.492200320079,0,0.8766507618282006,32,4309.460542700381,0,0.1832878267519734,0.09798082510252519,0,0
53361.38722715625,11429.326953624524,0,0.9963343376272473,28,5076.632460706596,1,0.21418320183037298,0.09513503282932376,0,0
50188.88601172692,11672.283949935125,0,0.36830953050684834,28,19199.015098849515,1,0.232562471793777,0.38252756928684084,0,1
51465.14147823248,13292.721363364151,0,0.44861063095454257,32,13977.392249278242,0,0.2582809004437662,0.2715842269852298,1,0
38404.853242168,20051.02269383175,0,0.722070938202737,53,10849.514268663846,1,0.522082469237178,0.2824963736712804,0,0
50367.652613884144,9115.263862529753,1,0.8861957804650745,46,9841.09673708271,1,0.18097096883661976,0.19538137763030028,0,0
57469.974368681746,6008.513777307731,1,0.5930443341867842,59,10110.578429934143,0,0.10454866727615485,0.17592495239551403,1,0
71767.15411692562,3103.4038599273636,1,0.39152569817782934,48,15787.8550050576,0,0.04324207440073291,0.21998413083518656,0,1
64389.0623912781,6345.349800290405,0,0.41262184084862374,25,18115.251048813327,1,0.09854548302394422,0.2813361313230706,1,0
82297.73686267334,9834.365135631015,0,0.6956181464968069,28,1000.0,0,0.11949594259315297,0.012150854777621147,1,0
38489.78655667926,18972.78931758894,0,0.0032182636042786816,45,24889.838397389245,0,0.49291768277197273,0.6466440575522648,0,0
63084.80955081017,7411.943504819143,0,0.6195893374598407,47,24391.90534059395,0,0.11748986907823482,0.3866464663649656,0,0
52750.130086075274,11118.939758194492,0,0.3554930104413574,43,1000.0,0,0.21078107217895528,0.018956939848838807,0,1
82847.04399826509,9917.88551963624,1,0.7941973312770843,50,22601.486874259583,0,0.1197117643458659,0.27280652364867997,0,0
37875.525719672725,15941.96636724042,1,0.09299063982313216,43,22386.531959317297,0,0.42089304824915097,0.5910397412107398,0,0
37404.17236728836,22634.66212936811,0,0.5882022669483905,40,15003.118459312816,0,0.6051211823625391,0.40109742877253446,1,0
41009.11031833967,7345.656135398396,0,0.48097288988612374,38,5919.819646805865,1,0.17911817545424713,0.1443502492642291,0,0
20000.0,7552.802787408889,0,0.6423255259052274,38,22106.596641655506,0,0.3776212583075291,1.1052745683543577,0,1
42113.674674788585,15220.80438534536,0,0.06485359448296835,22,13311.38253591854,1,0.3614133197722907,0.3160746850999001,1,0
38613.01007669453,13409.457448131558,1,0.5799837874281313,24,18842.151906732695,1,0.3472692274513294,0.4879615421788287,0,1
52255.906797143114,19233.536628680165,0,0.5614845879595237,50,30534.40890373245,1,0.36805731160749955,0.5843133621028209,1,0
55126.339636657394,12919.64092662982,0,0.5606600944161709,53,16762.85725436533,0,0.23435995663463496,0.3040752077798205,0,0
78142.56258823829,8203.539546064701,0,0.6034876665964548,56,8581.807157970066,0,0.10498036273687182,0.10982103801934608,1,0
64256.35757279075,12953.274153461547,0,0.6764679372263622,38,12649.883035561948,1,0.20158429544489243,0.19686279538078044,1,0
41346.44516506395,15543.517902914538,1,0.8049889996807698,57,9473.882478313088,0,0.3759245061179222,0.2291286061446412,0,0
36523.77992977463,14102.41090598682,0,0.26982072012821434,39,18034.42802213966,1,0.38610529435361984,0.49375870455110327,0,0
57378.78757259758,12536.37015553649,0,0.8250494101800621,48,9357.527088751367,0,0.21848059544792364,0.16308054603569444,0,1
30196.501894690366,15333.37344794577,1,0.4982556822634536,60,11690.040043552497,0,0.5077695996648598,0.38711944068485876,0,1
77471.8814878153,15846.477952228364,1,0.07705827913433116,40,6008.987379146802,1,0.2045422559211335,0.07756246138969126,0,0
67691.60181081931,16910.794955187637,1,0.0585509292439792,53,14075.390961365996,1,0.24981747639791244,0.2079310084830618,0,0
42962.365218429426,13243.549437948213,0,0.3342383186960608,32,16237.283553114346,1,0.3082521439048565,0.3779332338275321,0,0
24302.98206363684,9164.409598415728,0,0.7848969771114676,35,1000.0,0,0.3770744059315015,0.04114552081965948,1,0
70308.0856124812,10733.568432166614,1,0.7076809347409158,61,16817.014930361547,1,0.1526626088031673,0.23918693841434638,1,0
48281.902321210735,16032.544832541784,1,0.7886149646724064,59,14680.098382322545,0,0.332054289650659,0.3040434124001191,1,0
68567.24467960192,5915.321645063819,1,0.5172690564416094,22,9645.056358707108,0,0.08626911295023341,0.14066360315588441,0,0
26083.585118084495,11843.366544364506,1,0.44019899795549056,49,29200.402469889108,0,0.4540369912248854,1.1194505236598304,0,1
41009.374655693406,8033.305938363197,1,0.14745252670628395,61,21709.335693233283,1,0.1958847244339414,0.5293620425440179,0,0
50078.65549577275,10143.724114674087,1,0.32819275360931155,30,7325.18259694019,1,0.20255179502044146,0.1462706267529838,1,0
50704.70890647113,16392.259313036495,0,0.43401936617387527,22,20867.658156997983,1,0.32328232198218004,0.411544550052328,1,0
43249.01792781134,10955.495340099516,0,0.08860042967961723,31,23711.486532147406,0,0.253306145638722,0.5482422359159314,0,0
59342.748985212485,10232.182740780743,0,0.22061195271121126,33,15924.1464583229,0,0.17242225029177782,0.2683373856661962,0,0
33985.69355926108,3200.7192951004035,1,0.5982252940637388,30,17530.094258631278,1,0.09417565993936575,0.5157928713502192,1,0
47864.3077246806,13731.267830136103,1,0.7356631142391898,34,17368.42666845114,0,0.28687307118378563,0.3628604409764512,1,0
51804.434475678485,13227.420905705378,1,0.9983475113929496,38,1000.0,0,0.255328828714203,0.019302994176595083,1,0
57716.582510881235,20816.2736165273,1,0.9331133313435577,29,13691.912822047205,1,0.36065740647753053,0.23722256245687232,0,0
60674.223171333346,8461.108825234996,1,0.6425651995351915,59,13327.610106111799,1,0.13944915870095287,0.2196549004604003,1,0
33130.36862243196,11095.751638319694,1,0.421248053294072,48,25011.089455919147,1,0.334901698893513,0.754906618586988,1,0
26988.287438965664,11246.918418553776,0,0.6361773647082327,23,17336.09504493311,0,0.41671787163658447,0.6423324470546858,0,1
69165.15232847763,17887.266398817374,0,0.785651618080232,40,12916.723265183136,0,0.2586130035666692,0.18674919495073547,0,0
54984.71017969387,9523.522338065239,1,0.11833619092338732,26,14369.126813062921,0,0.17319995153181197,0.2613247472134936,0,1
38772.701951651696,11395.107628851696,0,0.40990488969628824,47,22163.699071391806,0,0.29388753343853163,0.5716167906543592,0,1
73267.27963283785,13039.482548582695,1,0.8398022856356172,22,13707.907357282791,0,0.17796900123663578,0.18709197794701724,1,0
51735.11951439288,10933.04561578179,0,0.383832951933044,49,10112.631268358737,1,0.21132326348403924,0.1954655927672624,0,0
67689.45776095739,7767.831927247358,1,0.5718722712271865,58,13070.084649553935,0,0.11475519865264822,0.19308607271810355,1,0
51012.777221151635,10970.449964491538,1,0.5877693608621982,23,21584.873006758775,0,0.21504876843236193,0.42311850214865343,0,0
80911.21887322981,15368.15874929886,0,0.18447625313363936,36,18473.154339185552,0,0.18993619212664414,0.22831105853281058,0,1
76330.11263664806,4867.423502944699,0,0.3622354416522884,50,15309.875813443798,1,0.06376722852337612,0.20057189374825418,0,0
46265.5377728139,10664.84837073438,1,0.33451128874193214,60,16340.775096113812,1,0.23050889226038043,0.35318776555862386,1,0
64573.56426431533,6499.395925304134,1,0.026196708532064794,22,11081.802684831626,1,0.10064947397400832,0.1716125042589805,1,0
59680.639243777216,15975.233144624213,0,0.024191763891355245,37,13642.354196901424,0,0.267674168254182,0.22858544721229088,1,0
70529.47336298523,2384.0654760811267,0,0.8316970436757735,61,10356.86974757838,1,0.03380192082096952,0.1468424817493671,0,0
35526.14809129843,7205.390763642058,1,0.2730708099728124,32,12936.545009901794,1,0.20281365521165642,0.36413125468605534,0,1
60290.77189997659,11886.059375322604,0,0.5180787662388154,55,24423.247845386373,1,0.1971423131342275,0.40508426068327,0,1
65876.36730274382,17827.620146171703,1,0.29872557358877305,63,7454.897320359671,0,0.2706182847933751,0.1131632550842567,0,0
23618.907703653287,9671.248694635062,1,0.9406792451153405,21,10178.976335039595,1,0.4094532805113041,0.43094903090858455,1,0
32251.122310013372,7224.002366534009,1,0.25929675886577375,35,6219.907959449736,0,0.22398533334009962,0.1928526718230456,0,1
20000.0,19405.785347202953,1,0.4296568127389351,46,4703.638699686811,0,0.9702407553223815,0.2351701764755168,1,0
45958.89748333163,2759.93049791878,0,0.8727302504846018,57,13692.59660063296,1,0.060050841038532116,0.29792487256088596,0,0
60763.133836939436,0.0,0,0.8419335667918086,41,10676.735727394494,0,0.0,0.1757078568098332,1,0
72535.35578144042,12200.072250266661,0,0.18610141784627732,51,27331.822515545347,1,0.1681925169638622,0.37680170476028557,0,1
51111.42170629663,7489.728878236944,0,0.8026433097957104,45,13020.074176755446,0,0.14653441625745298,0.2547340498083166,0,1
74429.23318356938,4893.835914346434,0,0.45818688673789265,43,24025.77804401017,1,0.06575064600800899,0.3227959528859021,1,0
29298.47812677663,13541.782236496767,0,0.4829688720853552,44,21776.045324584433,1,0.4621851002909505,0.7432229758619293,0,0
24449.26340967268,11219.003568855995,0,0.13347997241594378,58,13537.3209134319,1,0.45885000831597117,0.5536676921065992,1,0
49166.78451655072,7179.606846316358,1,0.08060151375712465,48,29770.94907459936,0,0.14602258199979665,0.605497062097194,0,0
55760.98173408961,3598.478006645528,0,0.7279393069737652,41,16879.73790525366,1,0.06453282137291094,0.3027105095681055,1,0
49509.578778588606,14362.286641400722,0,0.49646115235529975,63,25591.064862027924,0,0.29008520998368637,0.5168807453548707,0,1
20000.0,13251.005889793305,1,0.43685070261517955,38,24776.178241068847,1,0.6625171686312337,1.238746974704707,0,0
48663.19940730817,9504.120681103086,0,0.7295082286523967,56,17902.53589573348,0,0.1953000521298168,0.3678789770256645,0,0
30432.957492427202,19233.18498023833,0,0.7655128989911097,55,20257.915934640954,0,0.6319646396635754,0.6656352838661116,0,0
60045.08823245058,4649.576168369237,1,0.15890816766935356,29,19368.499905836332,1,0.07743345662035112,0.3225605609953631,0,1
55498.973691452724,2372.374145376306,0,0.6102251494776413,58,6990.169980258043,1,0.04274550035942924,0.1259490683566678,1,0
35901.80320508967,6540.459650593778,0,0.13535408227768553,50,15401.032481171114,1,0.1821712809786002,0.42896462410455527,0,1
42291.9962399496,9772.06991822251,0,0.7513750860290457,64,22519.73063761262,1,0.23105645820836637,0.5324695018023027,0,0
34111.79717166573,11216.69724661346,1,0.6569551562671395,54,25683.30422153163,1,0.3288120053646644,0.7528935282640593,1,0
49059.813540902425,8793.819710718351,0,0.956614621083458,52,9955.52229717635,0,0.17924325089690712,0.20292207932663703,0,1
64327.134807518574,11760.276982571484,0,0.06895801635642118,23,18701.81911269114,1,0.18281700561908662,0.29072534387403537,0,0
35214.10930496684,3742.3028790477792,1,0.05705472115125432,23,16056.091492942742,1,0.10626980727616125,0.45594325304786554,0,0
57560.697732767665,17218.823020366297,0,0.28218707469320015,48,14174.881547928831,0,0.2991368166433403,0.2462554460039773,0,1
42046.13572441339,9589.244108037155,1,0.26170568373590597,64,17492.018404575185,1,0.22805938960711306,0.4160097496110532,0,1
38106.907516064835,15586.479157940637,1,0.24697879907199982,35,16525.98187466296,1,0.40900905281587485,0.43366279997652035,0,1
48394.544600681635,11713.62673188852,0,0.9062545805210367,61,18789.852982108117,0,0.24203936185736274,0.38825584332495494,0,0
34471.365163709386,12283.766095768919,1,0.2495461998495061,43,25092.017326650363,1,0.3563366202879689,0.7278878953471363,0,1
41695.26041979227,12848.83640116102,1,0.271949726128631,60,20488.893136052902,1,0.3081532077889164,0.4913844294374008,0,0
32031.831611167272,12238.542800086576,0,0.7593982624179637,31,17174.13881210892,1,0.38206247104985813,0.5361417629442936,0,1
79470.87699374584,13213.61379933772,1,0.44973984245054,52,28052.375397761552,0,0.16626779559236515,0.3529849357901686,0,0
50528.95327957593,16645.762650662156,1,0.7767105569551812,56,22769.507171162353,1,0.3294236699282746,0.45061405549262057,0,0
39504.117380111216,10982.60584850735,0,0.06536615756438524,53,14353.210929776562,0,0.2780046378000771,0.3633253583750307,1,0
53209.69866101333,13545.018787942561,0,0.4875711936733843,44,6480.157183529664,1,0.2545544247451648,0.12178297497675174,0,1
48315.07925463755,9551.321528563867,0,0.03361360018328263,59,8085.185233556741,0,0.19768411832893285,0.16733943147468233,0,1
46685.45600700165,17200.586077247364,1,0.06265320345535452,54,21532.62713820944,1,0.36842775289406765,0.4612178558805181,0,0
59212.50050065138,6618.038489703651,0,0.906437453344411,48,10587.81264522913,0,0.11176570264801097,0.17880740972428508,0,0
61362.61565070957,19004.70216455408,1,0.13924537111759516,57,7943.611660216363,0,0.3097063620359587,0.1294514929731737,0,0
42042.48278584209,9799.210246778282,1,0.5324206822752171,27,9693.402713189604,0,0.23307322794100474,0.23055660642019418,1,0
41362.7263903298,2846.124489409759,1,0.41109560260070654,24,10188.3098153651,0,0.06880725548158395,0.2463102506583394,1,0
45874.22454272534,10640.522074553946,1,0.3473433262588427,57,20954.53367447576,0,0.23194484998420062,0.45677234026309793,0,0
20000.0,6594.741712625596,1,0.8998333456872725,21,13902.805469524068,0,0.32972059960129974,0.6951055182002934,0,1
27272.134067021718,14203.21774494362,1,0.0218233967754895,21,5393.377797904161,1,0.5207768828488966,0.19775423626233538,0,1
70503.11401166787,6736.880103488045,1,0.6637896861755891,40,15217.314284336497,1,0.09555300705393086,0.21583583451340374,1,0
74674.51570251926,7769.082833926102,0,0.9633944342135504,39,16555.862927137692,0,0.10403788659291446,0.22170403205637537,1,0
46264.45940665432,552.2963452723452,0,0.5601681834618419,49,11644.641969914039,0,0.01193755238476912,0.2516919126980332,0,0
58648.35444583649,7738.468403754616,1,0.9368224620330918,30,23091.1955893489,0,0.13194464759030214,0.3937161083447891,0,1
54668.75231815304,0.0,1,0.05225787928602377,38,12053.427800154008,0,0.0,0.22047708813474318,0,0
96183.21212682856,2080.4858825713836,0,0.4187933190741614,48,22758.363806460053,1,0.02163022222220892,0.236612259987646,1,0
66793.62367151865,13802.073280721486,1,0.26015779096205116,55,19177.479457724836,0,0.2066344942460798,0.28711112367419694,0,1
48081.2361277885,13929.000793254161,0,0.7308209649807298,63,21486.23855631085,1,0.2896912023025501,0.44686437833728704,0,1
35666.89339099362,12127.287808924824,0,0.9812970904972467,51,7310.144114355236,1,0.3400057209991282,0.2049502625294124,1,0
25903.30519613641,5165.119284353935,0,0.2565300624442478,47,15688.171345666718,0,0.19939231124887707,0.6056202328872572,0,0
53051.954538008344,9761.4432192901,1,0.6541746014740745,31,14630.203967976617,0,0.1839943374368864,0.27576605479144817,0,0
38654.73882073545,9981.987304547158,1,0.19809763275974013,58,5045.954325647268,1,0.25822782357978596,0.13053571033909592,0,1
28666.19435603489,4208.176554037286,0,0.5653302545716099,25,22735.425108620366,1,0.14679415438335003,0.7930816258562187,1,0
40301.4067363621,17516.991508835752,0,0.4639324866883362,28,9278.193721648551,0,0.4346388448566614,0.23021438353152923,0,1
33776.779945784074,14386.811452878357,0,0.9720053296315371,54,10733.02519814812,0,0.4259253117277184,0.3177540150766406,1,0
75307.12452608848,8895.17913085168,0,0.6085272726964666,32,7906.789150815919,0,0.1181171246373316,0.10499251177177868,0,0
63224.59635424176,10134.429194972654,0,0.3495063720868188,58,19908.304282492612,1,0.16028997398761177,0.3148772875300365,1,0
49880.41038025074,11041.914039737763,1,0.11409578488793337,21,4318.49196859183,1,0.22136330860663725,0.08657517771994727,0,0
72199.16208335038,0.0,0,0.15124682873493456,51,19325.123603251977,0,0.0,0.26766039085815874,1,0
51160.524614714275,8764.113087397016,1,0.2253169299512351,24,22311.597903704227,1,0.1713028130689526,0.4361011144942955,0,1
37080.73698007604,6590.078760011007,0,0.250966661340298,25,18760.248993380323,1,0.1777176393746562,0.5059161334179187,0,0
72846.86115904486,4991.899950525422,1,0.8506160578411378,50,19988.399386925004,0,0.06852500363225315,0.2743855354007635,0,1
58083.65065526988,8594.498535570227,1,0.5612227882825249,44,20316.8252870463,0,0.14796505511547686,0.3497795899234354,0,1
34441.30768510315,18988.432634247612,1,0.5233909113743664,23,8354.029712919652,1,0.5513112770449006,0.24255139316733132,0,0
47144.91982874588,13204.214306335049,1,0.11476887186921747,31,25043.144857650408,1,0.28007119925326296,0.5311837153377813,0,0
36865.726199228644,7144.105051086016,1,0.860139693349435,24,11779.46622106551,0,0.1937819217382934,0.31951484266351726,0,1
29258.00403553496,12862.913906780792,1,0.7228143032084837,46,14535.286676870197,0,0.4396224113151229,0.49677995393203206,0,1
